model,epoch,average_loss,accuracy,correct_data,total_data,distance
13,71,0.540230088908263,87.2121212121212,8634,9900,2.2816162860436244
36,71,0.5829465868497136,86.45454545454545,8559,9900,2.173480860416798
58,71,0.47632081147396205,88.29292929292929,8741,9900,2.263562651559033
71,71,0.533943723042806,86.9090909090909,8604,9900,2.3052974604979233
global,71,8.9483785856613,1.2121212121212122,120,9900
13,72,0.23145580793872025,94.01010101010101,9307,9900,2.0636905355221766
36,72,0.2184817216793696,94.43434343434343,9349,9900,1.985821594649675
58,72,0.1255190540172837,96.62626262626263,9566,9900,2.1490533119572155
71,72,0.2994915553295251,92.51515151515152,9159,9900,2.099078557536723
global,72,7.5008552782463305,3.0,297,9900
13,73,0.3074200420427804,92.37373737373737,9145,9900,1.9651029199723826
36,73,0.3002771899916909,92.27272727272727,9135,9900,1.9481945825559221
58,73,0.30861506668004124,92.5959595959596,9167,9900,1.950998720537213
71,73,0.11046150265619008,97.26262626262626,9629,9900,2.077264937634164
global,73,6.699045619771938,5.191919191919192,514,9900
13,74,0.12195695242496452,96.96969696969697,9600,9900,1.9421299404904688
36,74,0.1266786231431696,96.63636363636363,9567,9900,1.9328166594649439
58,74,0.1674829665819804,95.53535353535354,9458,9900,2.0764264500628844
71,74,0.19418908816395383,94.97979797979798,9403,9900,1.9952537127671652
global,74,6.0001352329446815,8.121212121212121,804,9900
13,75,0.21759388033789817,94.74747474747474,9380,9900,1.863657275630238
36,75,0.19482212771068919,95.26262626262626,9431,9900,1.8220827720298691
58,75,0.17487690536060718,95.76767676767676,9481,9900,2.019954673900639
71,75,0.10564909621922657,97.05050505050505,9608,9900,1.9322785191118652
global,75,5.281759478636462,12.595959595959597,1247,9900
13,76,0.2233554412620236,94.67676767676768,9373,9900,1.8333397850732276
36,76,0.0988450989413141,97.5050505050505,9653,9900,1.770566523778339
58,76,0.16252129710984953,95.91919191919192,9496,9900,1.9697039276169102
71,76,0.13188612813299352,96.67676767676767,9571,9900,1.9554258908045354
global,76,4.40833905769117,20.0,1980,9900
13,77,0.09348724679137119,97.55555555555556,9658,9900,1.8274595565599876
36,77,0.17580840757398894,95.51515151515152,9456,9900,1.715530779254188
58,77,0.19131615170324692,95.2929292929293,9434,9900,1.880137842887605
71,77,0.21302471835203846,94.39393939393939,9345,9900,1.8587677549067039
global,77,3.6052891679243606,29.61616161616162,2932,9900
13,78,0.1926126238131764,95.56565656565657,9461,9900,1.7784588009381948
36,78,0.18228178261506436,95.39393939393939,9444,9900,1.6810304462913939
58,78,0.21543469226119494,94.47474747474747,9353,9900,1.853597367858829
71,78,0.14432833081243013,96.33333333333334,9537,9900,1.8395388081203425
global,78,2.9880887179904514,38.44444444444444,3806,9900
13,79,0.17830286306564255,95.5959595959596,9464,9900,1.7386992562717007
36,79,0.20093077833002262,95.3030303030303,9435,9900,1.7284065858748574
58,79,0.39877925188854485,90.06060606060606,8916,9900,1.8349571045271635
71,79,0.3056364987113259,91.78787878787878,9087,9900,1.7819017924338671
global,79,2.485473783859099,46.909090909090914,4644,9900
13,80,0.12771544479962552,96.93939393939394,9597,9900,1.699617536380981
36,80,0.11311176308778802,97.18181818181819,9621,9900,1.6278763769765385
58,80,0.2803078147859284,93.17171717171718,9224,9900,1.7865631769701809
71,80,0.22140309745615178,94.47474747474747,9353,9900,1.7642423228945088
global,80,2.234465139369772,51.61616161616161,5110,9900
13,81,0.11633563469756733,97.20202020202021,9623,9900,1.6192615864185917
36,81,0.10326483260953065,97.38383838383838,9641,9900,1.5871771867195064
58,81,0.13858912814145136,96.3939393939394,9543,9900,1.7604189389306326
71,81,0.18260007422981842,95.4949494949495,9454,9900,1.7050323305392787
global,81,1.891389485368825,57.76767676767677,5719,9900
13,82,0.2182109812052563,94.82828282828282,9388,9900,1.6118763863660006
36,82,0.13375427197627346,96.85858585858585,9589,9900,1.5503664783261117
58,82,0.39002211146884497,90.73737373737374,8983,9900,1.6864498544267397
71,82,0.31169613982691907,91.7979797979798,9088,9900,1.718338657053937
global,82,1.5970251568880949,63.696969696969695,6306,9900
13,83,0.1056576577837419,97.47474747474747,9650,9900,1.554216169671739
36,83,0.1324279803338677,96.64646464646465,9568,9900,1.5344509222510967
58,83,0.47726848351835,88.26262626262627,8738,9900,1.6877012486017364
71,83,0.0631365280999153,98.46464646464646,9748,9900,1.6690979469819207
global,83,1.2900299966214883,69.8989898989899,6920,9900
13,84,0.1773958848943614,95.58585858585859,9463,9900,1.5473138976470038
36,84,0.1300469235338346,96.86868686868686,9590,9900,1.5433612565685901
58,84,0.30010118462822655,92.61616161616162,9169,9900,1.663219112814131
71,84,0.14414307120472494,96.41414141414143,9545,9900,1.6907568691530959
global,84,1.1421792590979374,73.15151515151516,7242,9900
13,85,0.12761465184014253,96.7878787878788,9582,9900,1.5317642749627385
36,85,0.22501149824171354,94.58585858585859,9364,9900,1.50140704284069
58,85,0.3159473345496438,92.94949494949495,9202,9900,1.656164778910101
71,85,0.17249922516972127,95.5050505050505,9455,9900,1.6263796011839353
global,85,0.9551081196948735,77.31313131313131,7654,9900
13,86,0.13696917496847383,96.65656565656565,9569,9900,1.534978802935342
36,86,0.16352716822816868,95.88888888888889,9493,9900,1.448367874134563
58,86,0.23752024146041484,94.14141414141413,9320,9900,1.6602638120026458
71,86,0.08650878224107954,97.66666666666667,9669,9900,1.5876668887386824
global,86,0.7732165390554101,81.33333333333333,8052,9900
13,87,0.22055406667969443,94.57575757575758,9363,9900,1.4965575771605286
36,87,0.09265405250017089,97.70707070707071,9673,9900,1.434625322028617
58,87,0.09258631008893553,97.57575757575758,9660,9900,1.602071243987916
71,87,0.2957174899120523,92.87878787878789,9195,9900,1.5423422785023388
global,87,0.6378814806119361,84.62626262626263,8378,9900
13,88,0.09831650358257872,97.28282828282828,9631,9900,1.467022630814709
36,88,0.08971920946932803,97.70707070707071,9673,9900,1.5488470588671674
58,88,0.12990548634167873,96.55555555555554,9559,9900,1.620514842157564
71,88,0.06043287092086041,98.36363636363636,9738,9900,1.5865032521144502
global,88,0.5814396116468642,85.85858585858585,8500,9900
13,89,0.05862078901794222,98.4949494949495,9751,9900,1.4978268298859017
36,89,0.1633154054573088,95.93939393939394,9498,9900,1.4891559103200338
58,89,0.2716342273143807,93.58585858585859,9265,9900,1.570852917347596
71,89,0.13044465565320218,96.87878787878788,9591,9900,1.5389675362814745
global,89,0.5146510685814751,87.26262626262627,8639,9900
13,90,0.03966472886841405,98.85858585858585,9787,9900,1.4781351746416629
36,90,0.06984636874060438,98.24242424242425,9726,9900,1.4649714299823984
58,90,0.21943062101951752,94.54545454545455,9360,9900,1.5490342300110251
71,90,0.06975024467465854,98.06060606060606,9708,9900,1.5505042609457929
global,90,0.42883450498484604,89.07070707070707,8818,9900
13,91,0.08037186993342457,97.86868686868686,9689,9900,1.461964700009161
36,91,0.04870755281713274,98.73737373737373,9775,9900,1.4260012104248645
58,91,0.13544782209426465,96.6161616161616,9565,9900,1.5090520635715183
71,91,0.05013691546489494,98.66666666666667,9768,9900,1.500485659496774
global,91,0.3690675801460189,90.54545454545455,8964,9900
13,92,0.03406215497640648,99.06060606060606,9807,9900,1.3954091447635253
36,92,0.22810194003461587,94.7979797979798,9385,9900,1.3693206276974297
58,92,0.14237382007668717,96.1919191919192,9523,9900,1.5378772799935345
71,92,0.21623776044508425,94.75757575757576,9381,9900,1.4956660443678678
global,92,0.3161903401095458,91.6969696969697,9078,9900
13,93,0.06031035734698026,98.44444444444444,9746,9900,1.4110724096339289
36,93,0.09579999169918021,97.59595959595958,9662,9900,1.4253868079977239
58,93,0.1112501711405889,97.12121212121212,9615,9900,1.5438033924831018
71,93,0.07551391097030255,97.95959595959596,9698,9900,1.4425326445801223
global,93,0.2595643671353658,93.23232323232324,9230,9900
13,94,0.062182308805711344,98.38383838383838,9740,9900,1.3726314171166105
36,94,0.1161038220229775,97.11111111111111,9614,9900,1.345887148030194
58,94,0.1303866371512413,96.85858585858585,9589,9900,1.5146929834580218
71,94,0.0633321996951344,98.29292929292929,9731,9900,1.469804912519168
global,94,0.23444493484015416,93.87878787878789,9294,9900
13,95,0.03845709694229593,98.94949494949495,9796,9900,1.3995380865749691
36,95,0.15850805859373074,96.27272727272728,9531,9900,1.3810945173067857
58,95,0.18594241289177327,95.34343434343434,9439,9900,1.574162938948432
71,95,0.11907669828997718,96.75757575757575,9579,9900,1.3579741966622023
global,95,0.20953395065635141,94.55555555555556,9361,9900
13,96,0.09883275845285618,97.36363636363636,9639,9900,1.305257432911709
36,96,0.03925945806382883,98.91919191919192,9793,9900,1.4130923910988817
58,96,0.28152649881863834,92.94949494949495,9202,9900,1.5205302350124965
71,96,0.11386112429878928,97.0909090909091,9612,9900,1.4720391313596763
global,96,0.1866335116612791,95.3030303030303,9435,9900
13,97,0.05601371977892187,98.43434343434343,9745,9900,1.3091509188006998
36,97,0.09683677841918636,97.54545454545455,9657,9900,1.3748774040361382
58,97,0.1907671248551571,95.4040404040404,9445,9900,1.4761978587245774
71,97,0.10204496782235425,97.23232323232324,9626,9900,1.436065455599895
global,97,0.15353167920401603,96.02020202020202,9506,9900
13,98,0.06475608187793482,98.35353535353535,9737,9900,1.3537523026944316
36,98,0.03318448593444896,99.17171717171716,9818,9900,1.3538929246883968
58,98,0.16495580701514928,96.12121212121212,9516,9900,1.4848593473774345
71,98,0.05512963912703774,98.57575757575758,9759,9900,1.4200564482040197
global,98,0.13204149431652493,96.63636363636363,9567,9900
13,99,0.01224081573763279,99.64646464646465,9865,9900,1.3518638495392352
36,99,0.05986819052184471,98.44444444444444,9746,9900,1.3873519955989477
58,99,0.10659910811920359,97.38383838383838,9641,9900,1.5193620209981031
71,99,0.08653797085538055,97.75757575757575,9678,9900,1.4388068519846975
global,99,0.11317802301560989,97.13131313131314,9616,9900
13,100,0.06004129434775825,98.52525252525253,9754,9900,1.2805313327803336
36,100,0.03918557347146549,99.07070707070707,9808,9900,1.320358004716947
58,100,0.07885288936622215,97.8989898989899,9692,9900,1.493247569351862
71,100,0.03850061486616279,98.8989898989899,9791,9900,1.3460861568934175
global,100,0.09694279125242522,97.48484848484848,9651,9900
13,101,0.03290464664423706,99.14141414141415,9815,9900,1.284090614855879
36,101,0.046900773752066825,98.62626262626263,9764,9900,1.3402255212262886
58,101,0.11116615725587113,97.23232323232324,9626,9900,1.4401958728400057
71,101,0.02146045279961945,99.44444444444444,9845,9900,1.3742848183612266
global,101,0.08489524967140621,97.93939393939394,9696,9900
13,102,0.09831486269380108,97.45454545454545,9648,9900,1.1862743979739734
36,102,0.05924092587648016,98.54545454545455,9756,9900,1.3672699385720402
58,102,0.11028917639544517,97.3030303030303,9633,9900,1.4780058088898231
71,102,0.04242228571137394,98.81818181818181,9783,9900,1.4020118851994585
global,102,0.07703884955006417,98.04040404040404,9706,9900
13,103,0.0839207701490383,97.85858585858585,9688,9900,1.2336516373371729
36,103,0.08815815243155065,97.79797979797979,9682,9900,1.3716691160276722
58,103,0.19955692219011711,94.98989898989899,9404,9900,1.4860083979270498
71,103,0.03784050032421194,99.06060606060606,9807,9900,1.346919956032306
global,103,0.07543103632902859,98.1010101010101,9712,9900
13,104,0.05854908239359807,98.54545454545455,9756,9900,1.301877450560682
36,104,0.0798678695177189,97.98989898989899,9701,9900,1.2818811769304101
58,104,0.15490215663958076,95.83838383838383,9488,9900,1.4421934547177395
71,104,0.045130395749301624,98.75757575757575,9777,9900,1.3237366825691024
global,104,0.07481149768588519,98.11111111111111,9713,9900
13,105,0.08159442498828426,97.83838383838383,9686,9900,1.2156506768581803
36,105,0.061715090792588516,98.39393939393939,9741,9900,1.2724691816693794
58,105,0.09762023944144298,97.6161616161616,9664,9900,1.4234257719559642
71,105,0.030113004468983472,99.22222222222223,9823,9900,1.3402087545767325
global,105,0.0683314680150061,98.29292929292929,9731,9900
13,106,0.03051976488846721,99.22222222222223,9823,9900,1.2748299691013774
36,106,0.04521968658148038,98.83838383838383,9785,9900,1.2950500148703235
58,106,0.07865211751274388,97.85858585858585,9688,9900,1.3815390116194786
71,106,0.028275261485967974,99.38383838383838,9839,9900,1.363167044766435
global,106,0.05667520633249572,98.58585858585859,9760,9900
13,107,0.06749695747488677,98.39393939393939,9741,9900,1.254117811187152
36,107,0.024031852218087273,99.39393939393939,9840,9900,1.2325651687044603
58,107,0.10596358801981415,97.2929292929293,9632,9900,1.3950593947341885
71,107,0.08623009213293442,97.72727272727273,9675,9900,1.2696112974313227
global,107,0.05192501595827064,98.72727272727273,9774,9900
13,108,0.039132956468095684,99.01010101010101,9802,9900,1.2140486099057362
36,108,0.06194331369165218,98.37373737373737,9739,9900,1.2645858454587684
58,108,0.07580597861020855,98.28282828282828,9730,9900,1.3776398373500447
71,108,0.08912153990581782,97.74747474747475,9677,9900,1.2939355468381484
global,108,0.04817003357892084,98.83838383838383,9785,9900
13,109,0.0699624840779738,98.14141414141415,9716,9900,1.2320151164099746
36,109,0.07051605225512475,98.14141414141415,9716,9900,1.260344616220398
58,109,0.08875924126367377,97.57575757575758,9660,9900,1.408338267789845
71,109,0.10220917082796194,97.32323232323232,9635,9900,1.3243730843328976
global,109,0.049007967514823184,98.84848484848486,9786,9900
13,110,0.020536939224811514,99.44444444444444,9845,9900,1.2217225235733045
36,110,0.030285877155685665,99.2121212121212,9822,9900,1.2116329042190055
58,110,0.182834319123114,95.58585858585859,9463,9900,1.4117299858959211
71,110,0.019396951599705097,99.56565656565657,9857,9900,1.2525159311709029
global,110,0.04765327640555122,98.88888888888889,9790,9900
13,111,0.026168245428589858,99.38383838383838,9839,9900,1.131178894758887
36,111,0.05926084505262399,98.52525252525253,9754,9900,1.2417773643321692
58,111,0.0813051901441632,97.92929292929293,9695,9900,1.3231188051477862
71,111,0.10429629911075938,97.33333333333334,9636,9900,1.310173925327183
global,111,0.04780882748690519,98.87878787878788,9789,9900
13,112,0.02955396291282442,99.27272727272727,9828,9900,1.187322954732938
36,112,0.039144008608177454,99.06060606060606,9807,9900,1.2201132852300483
58,112,0.06499439421326222,98.21212121212122,9723,9900,1.3527832251553757
71,112,0.058793547513208005,98.48484848484848,9750,9900,1.2799163017624284
global,112,0.04514973356567248,98.93939393939394,9795,9900
13,113,0.018066924081908332,99.56565656565657,9857,9900,1.2041048790854314
36,113,0.035561832249766646,99.14141414141415,9815,9900,1.2771297357207616
58,113,0.08715024986953446,97.88888888888889,9691,9900,1.394456236288325
71,113,0.02930963057272061,99.15151515151514,9816,9900,1.3134619956644618
global,113,0.04090403963068519,99.05050505050505,9806,9900
13,114,0.05269306347225652,98.65656565656565,9767,9900,1.1719195548170729
36,114,0.035911429078892027,99.12121212121212,9813,9900,1.1933120243649171
58,114,0.04235141476823224,99.04040404040404,9805,9900,1.3542834549451588
71,114,0.02772869536370942,99.36363636363636,9837,9900,1.2809034669761128
global,114,0.038003206987573646,99.13131313131314,9814,9900
13,115,0.05918543059717525,98.56565656565657,9758,9900,1.147571262980816
36,115,0.038381008151354215,99.06060606060606,9807,9900,1.2158670316858418
58,115,0.054058207330679654,98.73737373737373,9775,9900,1.351361739402228
71,115,0.03297451073247375,99.14141414141415,9815,9900,1.2472215290440534
global,115,0.034453633984532016,99.24242424242425,9825,9900
13,116,0.02354139644840751,99.4949494949495,9850,9900,1.1768963364233516
36,116,0.03165853572952928,99.15151515151514,9816,9900,1.2489908913554344
58,116,0.05466094401298147,98.68686868686869,9770,9900,1.305215648722971
71,116,0.04881695336163646,98.76767676767678,9778,9900,1.3330361164148257
global,116,0.030991764270296,99.3030303030303,9831,9900
13,117,0.046744739610438395,98.86868686868688,9788,9900,1.2250727943278648
36,117,0.04337143192688624,98.92929292929293,9794,9900,1.2424931659932694
58,117,0.011430936776327364,99.63636363636364,9864,9900,1.3916571140913228
71,117,0.03158266388688876,99.17171717171716,9818,9900,1.1939755111911456
global,117,0.0294617294693234,99.33333333333333,9834,9900
13,118,0.030267587614932447,99.28282828282829,9829,9900,1.1179676666361147
36,118,0.06240308798623807,98.35353535353535,9737,9900,1.2088801473082558
58,118,0.04044912027778349,99.07070707070707,9808,9900,1.3285660852743775
71,118,0.06296110066199544,98.37373737373737,9739,9900,1.2036072891426655
global,118,0.027814144218208815,99.39393939393939,9840,9900
13,119,0.07157831387086348,98.29292929292929,9731,9900,1.0849221511898703
36,119,0.048711868318343406,98.80808080808082,9782,9900,1.2305374852918682
58,119,0.07204541225626011,98.1919191919192,9721,9900,1.4282337573019432
71,119,0.029754784192626525,99.20202020202021,9821,9900,1.2061529822197676
global,119,0.02934872231549687,99.33333333333333,9834,9900
13,120,0.03465037736025724,99.1010101010101,9811,9900,1.1193002849885565
36,120,0.03657156090242694,99.06060606060606,9807,9900,1.1872776224823283
58,120,0.11438563413692243,97.12121212121212,9615,9900,1.3232137191356463
71,120,0.06399411243320716,98.39393939393939,9741,9900,1.2584754192056888
global,120,0.02752154029378987,99.41414141414141,9842,9900
13,121,0.05440488101858081,98.70707070707071,9772,9900,1.0638963275502182
36,121,0.0713285422987408,98.25252525252526,9727,9900,1.1950112256117402
58,121,0.03861056593933491,98.93939393939394,9795,9900,1.333701912282085
71,121,0.013001369089734826,99.71717171717171,9872,9900,1.1710029918068863
global,121,0.024043829493751428,99.45454545454545,9846,9900
13,122,0.05699545319935288,98.55555555555556,9757,9900,1.037785828525357
36,122,0.06101310313651056,98.4949494949495,9751,9900,1.224306205931575
58,122,0.1036824944434744,97.32323232323232,9635,9900,1.3044432451411259
71,122,0.07179334867482233,98.21212121212122,9723,9900,1.2351196553879347
global,122,0.02399049154134712,99.46464646464646,9847,9900
13,123,0.08586175766858188,97.77777777777777,9680,9900,1.0542031765572417
36,123,0.07271218324249441,98.28282828282828,9730,9900,1.2340107633903392
58,123,0.09545857071274459,97.54545454545455,9657,9900,1.3074343883324744
71,123,0.038510229385862446,99.0909090909091,9810,9900,1.2105290862429274
global,123,0.026105741766667124,99.42424242424242,9843,9900
13,124,0.0819070725127904,97.98989898989899,9701,9900,1.1012889982456286
36,124,0.05993617756198151,98.53535353535354,9755,9900,1.1863378057753728
58,124,0.10791217478838834,97.22222222222221,9625,9900,1.3095492845592238
71,124,0.034880382344879286,99.15151515151514,9816,9900,1.2638467611667443
global,124,0.029717673782748404,99.37373737373737,9838,9900
13,125,0.048152473021035244,98.84848484848486,9786,9900,1.122308372164092
36,125,0.05634094677338696,98.61616161616162,9763,9900,1.2509170506159342
58,125,0.027647683335976166,99.28282828282829,9829,9900,1.276270050578793
71,125,0.04468117169960581,98.88888888888889,9790,9900,1.201775574363017
global,125,0.028193507679183074,99.4040404040404,9841,9900
13,126,0.06892601575815316,98.16161616161617,9718,9900,0.9874066791622228
36,126,0.05372739202145374,98.76767676767678,9778,9900,1.2049480844133023
58,126,0.09432110377634415,97.53535353535354,9656,9900,1.2941448475279174
71,126,0.07349157577813274,98.13131313131314,9715,9900,1.1788754225960594
global,126,0.027357612852797364,99.41414141414141,9842,9900
13,127,0.04785306357073062,98.92929292929293,9794,9900,1.0870245562905645
36,127,0.029888919138095594,99.24242424242425,9825,9900,1.1831726231489337
58,127,0.010560730159132168,99.69696969696969,9870,9900,1.3209687357111517
71,127,0.018257844725040474,99.60606060606061,9861,9900,1.199270638700812
global,127,0.024303320604141313,99.47474747474747,9848,9900
13,128,0.05334162989499593,98.73737373737373,9775,9900,1.0264691593463056
36,128,0.06314778535052984,98.46464646464646,9748,9900,1.2433444699069054
58,128,0.06203969185400491,98.43434343434343,9745,9900,1.259851449807828
71,128,0.06244423803054925,98.38383838383838,9740,9900,1.1446009279464968
global,128,0.024579321377807193,99.4949494949495,9850,9900
13,129,0.06884081948887218,98.33333333333333,9735,9900,1.056469746591137
36,129,0.026252225657755677,99.42424242424242,9843,9900,1.232502591592722
58,129,0.1245191455128217,96.84848484848484,9588,9900,1.2937873945498706
71,129,0.06252269287302037,98.51515151515152,9753,9900,1.1439922743216322
global,129,0.023784434239972722,99.51515151515152,9852,9900
13,130,0.01674551953495753,99.62626262626263,9863,9900,1.0786225097040423
36,130,0.043416016061197625,98.91919191919192,9793,9900,1.2132182638567617
58,130,0.07804230523229849,98.14141414141415,9716,9900,1.2446939863667579
71,130,0.03180060867182534,99.2121212121212,9822,9900,1.1432962361722485
global,130,0.021805647358749854,99.51515151515152,9852,9900
13,131,0.07507021030994376,98.14141414141415,9716,9900,1.0472881014502504
36,131,0.04578462508742255,98.92929292929293,9794,9900,1.1586253022355975
58,131,0.02913096149687213,99.3030303030303,9831,9900,1.2604110602051861
71,131,0.053009457108047275,98.69696969696969,9771,9900,1.1215526425833762
global,131,0.02103606530060672,99.53535353535354,9854,9900
13,132,0.021958077284272272,99.42424242424242,9843,9900,1.0435115816015577
36,132,0.049895007172317214,98.84848484848486,9786,9900,1.1385798474349462
58,132,0.046277305578643624,98.87878787878788,9789,9900,1.2280487968739933
71,132,0.04153498900358123,99.04040404040404,9805,9900,1.100467326856476
global,132,0.01837263843778408,99.64646464646465,9865,9900
13,133,0.05443689735549869,98.67676767676767,9769,9900,0.9532444050522391
36,133,0.03446633075523858,99.14141414141415,9815,9900,1.2252750321535755
58,133,0.04596544415059716,98.84848484848486,9786,9900,1.251888755536127
71,133,0.014165416917942389,99.66666666666667,9867,9900,1.0745736385547613
global,133,0.017377932539792976,99.69696969696969,9870,9900
13,134,0.0454612679711797,98.83838383838383,9785,9900,0.9860052505647399
36,134,0.052436119212646674,98.57575757575758,9759,9900,1.1602960881172615
58,134,0.07649280380118977,98.17171717171718,9719,9900,1.2358377698551593
71,134,0.01630983959394272,99.62626262626263,9863,9900,1.1444914618857345
global,134,0.01817444748499177,99.68686868686869,9869,9900
13,135,0.029996937321066255,99.28282828282829,9829,9900,1.0357569265279016
36,135,0.028196164624709072,99.28282828282829,9829,9900,1.147512517540834
58,135,0.12182462762702595,97.17171717171718,9620,9900,1.2733451950226442
71,135,0.014439952327597021,99.66666666666667,9867,9900,1.151261522978896
global,135,0.015105410352198765,99.69696969696969,9870,9900
13,136,0.027731413582358696,99.31313131313131,9832,9900,1.076530382981162
36,136,0.02783586026141138,99.23232323232322,9824,9900,1.133694167523583
58,136,0.11843230624843125,97.21212121212122,9624,9900,1.2645055270362695
71,136,0.04207863391047777,99.02020202020202,9803,9900,1.111349524642246
global,136,0.015297444894759342,99.67676767676767,9868,9900
13,137,0.043313323075723165,98.91919191919192,9793,9900,0.9579716946854175
36,137,0.05394243054016672,98.71717171717171,9773,9900,1.1292416823314964
58,137,0.051559650225922314,98.72727272727273,9774,9900,1.2325044776572085
71,137,0.05343175235119733,98.67676767676767,9769,9900,1.1496541332432872
global,137,0.016251664643335825,99.67676767676767,9868,9900
13,138,0.08115206955057203,98.14141414141415,9716,9900,0.9513359163361066
36,138,0.06456441096585207,98.35353535353535,9737,9900,1.1199625402385007
58,138,0.1120361630723934,97.54545454545455,9657,9900,1.2844516016631673
71,138,0.03961847309211288,99.07070707070707,9808,9900,1.1475034795139059
global,138,0.018195748926714213,99.65656565656566,9866,9900
13,139,0.047497234462638094,98.79797979797979,9781,9900,1.0547634521263078
36,139,0.023030887451963595,99.37373737373737,9838,9900,1.1421674984956238
58,139,0.057336503553270086,98.57575757575758,9759,9900,1.1946110381280166
71,139,0.042634501047808714,99.03030303030303,9804,9900,1.1690918488783897
global,139,0.018655045452443036,99.62626262626263,9863,9900
13,140,0.01307079642597172,99.64646464646465,9865,9900,1.0332901166266946
36,140,0.02306715952176036,99.37373737373737,9838,9900,1.1784480575294967
58,140,0.02997044512155381,99.19191919191918,9820,9900,1.2970128273399468
71,140,0.03866687657255115,99.07070707070707,9808,9900,1.124480657442538
global,140,0.01620313864163678,99.67676767676767,9868,9900
13,141,0.03403877739427668,99.24242424242425,9825,9900,1.0037312633433095
36,141,0.037526225868349125,99.11111111111111,9812,9900,1.1141654802961365
58,141,0.0723587071820341,98.1919191919192,9721,9900,1.1843623822428353
71,141,0.028507934473831244,99.34343434343434,9835,9900,1.1647458726785653
global,141,0.016389459607878118,99.69696969696969,9870,9900
13,142,0.0398706678579552,99.13131313131314,9814,9900,1.0249924240762744
36,142,0.030085257904397117,99.32323232323232,9833,9900,1.1687846316342239
58,142,0.14065652231977444,96.62626262626263,9566,9900,1.2284517741629468
71,142,0.04020621613420621,99.04040404040404,9805,9900,1.1070059074133962
global,142,0.017369052569071453,99.68686868686869,9869,9900
13,143,0.020440839138446434,99.45454545454545,9846,9900,0.9737983647040337
36,143,0.025085086982810135,99.36363636363636,9837,9900,1.1484918386877678
58,143,0.08493002865651642,97.98989898989899,9701,9900,1.2510507935321558
71,143,0.012336851993218215,99.70707070707071,9871,9900,1.0507574255982925
global,143,0.016606141945930443,99.70707070707071,9871,9900
13,144,0.04041272541639781,98.98989898989899,9800,9900,0.9802482934658195
36,144,0.0686650086141596,98.44444444444444,9746,9900,1.1833124613376305
58,144,0.043694340481300546,98.88888888888889,9790,9900,1.2204417688964475
71,144,0.03361167260492691,99.23232323232322,9824,9900,1.081427505564268
global,144,0.01523840101830887,99.71717171717171,9872,9900
13,145,0.035056840956512125,99.1010101010101,9811,9900,0.9957653027737047
36,145,0.02818572591350536,99.31313131313131,9832,9900,1.139421062783427
58,145,0.10224132226272063,97.55555555555556,9658,9900,1.2148542986347441
71,145,0.03798165316232527,99.07070707070707,9808,9900,1.079908913020794
global,145,0.01531217886793493,99.71717171717171,9872,9900
13,146,0.00956218191168525,99.72727272727273,9873,9900,0.9875669649813985
36,146,0.02943563925346943,99.2121212121212,9822,9900,1.1097092460751081
58,146,0.07905332192477554,98.11111111111111,9713,9900,1.240915474889532
71,146,0.04351894154091074,99.03030303030303,9804,9900,1.0577255010398146
global,146,0.013105251382697712,99.72727272727273,9873,9900
13,147,0.040255602447673525,99.06060606060606,9807,9900,0.9162653926165312
36,147,0.03932127220537325,99.05050505050505,9806,9900,1.080582899130657
58,147,0.04969656132236876,98.76767676767678,9778,9900,1.1678947501837287
71,147,0.06951729947870428,98.20202020202021,9722,9900,1.124423568126156
global,147,0.013567780506129216,99.73737373737373,9874,9900
13,148,0.03833310275065779,99.15151515151514,9816,9900,1.0051148853777474
36,148,0.05943425913049717,98.58585858585859,9760,9900,1.0959575174166172
58,148,0.05247535128485073,98.65656565656565,9767,9900,1.1809751039379348
71,148,0.038113811392374713,99.11111111111111,9812,9900,1.0713774680257304
global,148,0.014203002114187587,99.70707070707071,9871,9900
13,149,0.04947055284573574,98.71717171717171,9773,9900,1.0105734569119063
36,149,0.03952659511806989,99.05050505050505,9806,9900,1.129869624187022
58,149,0.07554760815820309,98.13131313131314,9715,9900,1.2375223138512141
71,149,0.016039570902634148,99.64646464646465,9865,9900,1.1141895002442488
global,149,0.013442005138806622,99.72727272727273,9873,9900
13,150,0.030297204763299286,99.29292929292929,9830,9900,0.9243499378987816
36,150,0.03275683966248927,99.19191919191918,9820,9900,1.1224947160796117
58,150,0.14696743851659275,96.34343434343434,9538,9900,1.1873366092909425
71,150,0.030581622830394544,99.28282828282829,9829,9900,1.1026942614381736
global,150,0.014390074872609342,99.70707070707071,9871,9900
13,151,0.04751031130552292,98.96969696969697,9798,9900,0.9339916386914164
36,151,0.0638921523199539,98.41414141414141,9743,9900,1.0288161253506354
58,151,0.044749132102788095,98.84848484848486,9786,9900,1.2452836228376563
71,151,0.03331485038152849,99.24242424242425,9825,9900,1.0317299621795466
global,151,0.01523344962584852,99.68686868686869,9869,9900
13,152,0.04691497097412745,98.84848484848486,9786,9900,0.9169434685810881
36,152,0.036276412732673416,99.01010101010101,9802,9900,1.100672044068141
58,152,0.028858636971374956,99.24242424242425,9825,9900,1.2061917740599695
71,152,0.061186745574679034,98.55555555555556,9757,9900,1.0353395695577332
global,152,0.01576475677917702,99.68686868686869,9869,9900
13,153,0.00832492961143755,99.73737373737373,9874,9900,1.0060783666343145
36,153,0.05816197728192565,98.60606060606061,9762,9900,1.0917510703754003
58,153,0.22074096092069992,94.2929292929293,9335,9900,1.2138302614053655
71,153,0.05181398030182328,98.55555555555556,9757,9900,1.005544728073876
global,153,0.017155057985072185,99.67676767676767,9868,9900
13,154,0.039385011587480104,99.08080808080808,9809,9900,0.9280447350419618
36,154,0.0145029038900152,99.64646464646465,9865,9900,1.0692294690504756
58,154,0.0732630581085128,98.23232323232324,9725,9900,1.1367502634196232
71,154,0.03642438542060178,99.2121212121212,9822,9900,1.1177022854990073
global,154,0.01650149455576232,99.67676767676767,9868,9900
13,155,0.029512536617541555,99.33333333333333,9834,9900,0.9869366572073714
36,155,0.06160236903964871,98.5050505050505,9752,9900,1.06963889650994
58,155,0.021415790390185634,99.44444444444444,9845,9900,1.2010176396785734
71,155,0.04371350956986649,99.01010101010101,9802,9900,0.9768969764116776
global,155,0.01629800256906134,99.68686868686869,9869,9900
13,156,0.02194087724191974,99.48484848484848,9849,9900,0.9457079162854445
36,156,0.045126978417839664,98.93939393939394,9795,9900,1.0482309584267604
58,156,0.06658823585871494,98.43434343434343,9745,9900,1.1530774900165157
71,156,0.03406288728870527,99.2121212121212,9822,9900,1.0089950129723153
global,156,0.015170219934949972,99.69696969696969,9870,9900
13,157,0.014526828939866537,99.62626262626263,9863,9900,0.9212493713252538
36,157,0.04240210316849477,98.93939393939394,9795,9900,1.0712761543490796
58,157,0.07758329299363223,98.17171717171718,9719,9900,1.2466532249457012
71,157,0.05380201642260407,98.71717171717171,9773,9900,0.9969082363411768
global,157,0.01440802148345745,99.72727272727273,9873,9900
13,158,0.016309045844457366,99.60606060606061,9861,9900,0.9139950067104113
36,158,0.00576379983883464,99.80808080808082,9881,9900,1.0335263646218262
58,158,0.030089251231966596,99.27272727272727,9828,9900,1.1874966872319643
71,158,0.03968598920814317,99.07070707070707,9808,9900,1.0897752200221178
global,158,0.012161774928822661,99.72727272727273,9873,9900
13,159,0.02887275449028521,99.2121212121212,9822,9900,0.8919670634347155
36,159,0.02330550680031078,99.41414141414141,9842,9900,1.1251691055358062
58,159,0.03457735795640584,99.1010101010101,9811,9900,1.1980169281949646
71,159,0.03023202106582396,99.25252525252525,9826,9900,1.0197654835057874
global,159,0.011133089085871522,99.77777777777777,9878,9900
13,160,0.019336989378989346,99.48484848484848,9849,9900,0.9711582644232067
36,160,0.05249646273375762,98.79797979797979,9781,9900,1.061855681784195
58,160,0.04805922969272643,98.85858585858585,9787,9900,1.16869997335659
71,160,0.02587912320639148,99.39393939393939,9840,9900,1.0139476716987412
global,160,0.011281767305400637,99.77777777777777,9878,9900
13,161,0.03407744728104033,99.18181818181819,9819,9900,0.8888868470135389
36,161,0.033040531723186224,99.17171717171716,9818,9900,1.0556790247588208
58,161,0.011743610073821712,99.75757575757575,9876,9900,1.1832791656310562
71,161,0.05145932430570776,98.69696969696969,9771,9900,0.9998903512445109
global,161,0.011369027754273077,99.76767676767678,9877,9900
13,162,0.04014982271224561,99.07070707070707,9808,9900,0.8709797463848806
36,162,0.012953412594518276,99.65656565656566,9866,9900,1.0841254615039386
58,162,0.08209536338093305,98.05050505050505,9707,9900,1.1617414132365873
71,162,0.010818012627500175,99.70707070707071,9871,9900,0.9978547032550059
global,162,0.011573365856752251,99.77777777777777,9878,9900
13,163,0.021968261644695744,99.5050505050505,9851,9900,0.9263846447027828
36,163,0.012430668051420438,99.68686868686869,9869,9900,1.0334625206967476
58,163,0.04131132256051507,98.95959595959596,9797,9900,1.141660977555925
71,163,0.03789571120431929,99.13131313131314,9814,9900,1.0046408967263487
global,163,0.011648680058994679,99.77777777777777,9878,9900
13,164,0.023757461145369693,99.42424242424242,9843,9900,0.9167209341862902
36,164,0.028976298566117432,99.28282828282829,9829,9900,1.0751680930258316
58,164,0.04049077163742046,98.92929292929293,9794,9900,1.2014244744402864
71,164,0.03632548388507631,99.20202020202021,9821,9900,1.0545660443485771
global,164,0.010178585607144568,99.81818181818181,9882,9900
13,165,0.0349731529632,99.16161616161617,9817,9900,0.916596153466038
36,165,0.046991238807789,98.84848484848486,9786,9900,1.0710266403888409
58,165,0.07771005699128816,97.93939393939394,9696,9900,1.1388804537504695
71,165,0.02893765968806816,99.32323232323232,9833,9900,0.9950786130127808
global,165,0.011621635482467786,99.76767676767678,9877,9900
13,166,0.044480381645638535,98.8989898989899,9791,9900,0.9601944632565448
36,166,0.02947977402294525,99.24242424242425,9825,9900,1.0086554616993628
58,166,0.046389655940460434,98.83838383838383,9785,9900,1.1473125215686144
71,166,0.020144382410428742,99.54545454545455,9855,9900,0.988607902974207
global,166,0.011492483328388195,99.74747474747475,9875,9900
13,167,0.024420345383461075,99.41414141414141,9842,9900,0.8828981408633984
36,167,0.04130832871629132,99.01010101010101,9802,9900,1.0270230913324223
58,167,0.029241256466267084,99.17171717171716,9818,9900,1.1417258711358265
71,167,0.03478269099888175,99.18181818181819,9819,9900,1.0684937108470172
global,167,0.01213356907169024,99.73737373737373,9874,9900
13,168,0.010180815802228571,99.70707070707071,9871,9900,0.921827832324601
36,168,0.03700824531942907,99.20202020202021,9821,9900,1.032025363625222
58,168,0.16178867825353987,95.84848484848484,9489,9900,1.1622163611139251
71,168,0.017053843682838812,99.60606060606061,9861,9900,1.0579531938082145
global,168,0.012621951908475221,99.74747474747475,9875,9900
13,169,0.03122416437123761,99.26262626262627,9827,9900,0.9006754327507926
36,169,0.01991511286584416,99.52525252525253,9853,9900,1.025730040551054
58,169,0.03267130379574468,99.25252525252525,9826,9900,1.1857929508538227
71,169,0.012272174780567488,99.72727272727273,9873,9900,1.00995715333683
global,169,0.01102791294606045,99.79797979797979,9880,9900
13,170,0.019592758851370427,99.48484848484848,9849,9900,0.8920215231839048
36,170,0.015331131690228829,99.67676767676767,9868,9900,1.0188595835717853
58,170,0.034382291380504165,99.16161616161617,9817,9900,1.1446884099450063
71,170,0.037643941828999855,99.15151515151514,9816,9900,1.0079534860808503
global,170,0.01089672821790281,99.79797979797979,9880,9900
13,171,0.034504199157459566,99.19191919191918,9820,9900,0.8692116354747678
36,171,0.04873690970768832,98.82828282828284,9784,9900,1.0435114673629635
58,171,0.051263448847363696,98.7878787878788,9780,9900,1.124517231247344
71,171,0.014756560391849942,99.63636363636364,9864,9900,1.0883753465446218
global,171,0.010879252987979638,99.7878787878788,9879,9900
13,172,0.023957382434546346,99.41414141414141,9842,9900,0.8594259073611467
36,172,0.022344919978217644,99.48484848484848,9849,9900,1.0988679218916955
58,172,0.032667311925930205,99.08080808080808,9809,9900,1.084853420200733
71,172,0.03996534615002497,99.06060606060606,9807,9900,0.9473887569980401
global,172,0.011155146515429622,99.79797979797979,9880,9900
13,173,0.02087267648165274,99.4949494949495,9850,9900,0.8536112925950694
36,173,0.028826815966855397,99.35353535353535,9836,9900,1.0242640528200198
58,173,0.030090751139955088,99.23232323232322,9824,9900,1.141388363342296
71,173,0.027447941453769952,99.4040404040404,9841,9900,1.0126045502736916
global,173,0.010291233449572265,99.82828282828284,9883,9900
13,174,0.02182085227484655,99.44444444444444,9845,9900,0.951827463677535
36,174,0.014030005832136882,99.65656565656566,9866,9900,1.0318158071396664
58,174,0.029508524529560647,99.26262626262627,9827,9900,1.1339964894571748
71,174,0.048268935994969474,98.79797979797979,9781,9900,0.9615953566151092
global,174,0.010470456295844281,99.82828282828284,9883,9900
13,175,0.036500427641651845,99.0909090909091,9810,9900,0.8636628425225895
36,175,0.04193617305671326,98.98989898989899,9800,9900,1.0064961908214365
58,175,0.02226261540494784,99.38383838383838,9839,9900,1.1296952602177974
71,175,0.025467685763583037,99.41414141414141,9842,9900,0.9791685807770762
global,175,0.012022313382288423,99.80808080808082,9881,9900
13,176,0.033741646815430036,99.22222222222223,9823,9900,0.9089748262396469
36,176,0.02174246167933399,99.46464646464646,9847,9900,1.0012384732615154
58,176,0.04096691671420227,99.08080808080808,9809,9900,1.1032341252024847
71,176,0.027664567000336118,99.38383838383838,9839,9900,0.9783951919361106
global,176,0.010833134012992936,99.80808080808082,9881,9900
13,177,0.022652477101244108,99.41414141414141,9842,9900,0.8382117805243835
36,177,0.02058365568217605,99.42424242424242,9843,9900,0.9886883285521882
58,177,0.039957452113881256,99.08080808080808,9809,9900,1.1175282632210697
71,177,0.03581679548428516,99.14141414141415,9815,9900,0.9249109611959639
global,177,0.010632388894305084,99.80808080808082,9881,9900
13,178,0.03999747675326135,99.0909090909091,9810,9900,0.8496130581479971
36,178,0.021099891439832822,99.55555555555556,9856,9900,1.00047434047297
58,178,0.02158596047096782,99.46464646464646,9847,9900,1.1511135452865415
71,178,0.030156347769679445,99.33333333333333,9834,9900,0.9601012522230474
global,178,0.009749227620736517,99.81818181818181,9882,9900
13,179,0.03139948669331844,99.19191919191918,9820,9900,0.8365217288558935
36,179,0.01567793692226964,99.62626262626263,9863,9900,0.9823520097101639
58,179,0.042364829859950326,98.93939393939394,9795,9900,1.0944919794240986
71,179,0.014497010257621908,99.64646464646465,9865,9900,0.9711793157516335
global,179,0.009263874518148826,99.81818181818181,9882,9900
13,180,0.01880327872518036,99.5050505050505,9851,9900,0.80217985505465
36,180,0.012890725238154634,99.64646464646465,9865,9900,0.9980965021564209
58,180,0.040520619248802014,98.97979797979798,9799,9900,1.1101429390159616
71,180,0.02572739610617811,99.44444444444444,9845,9900,0.9762727536469494
global,180,0.008267512574340358,99.83838383838383,9884,9900
13,181,0.0258765623959327,99.4040404040404,9841,9900,0.8874495263589456
36,181,0.02640616304720893,99.35353535353535,9836,9900,0.9712411782393074
58,181,0.04518766008769021,98.83838383838383,9785,9900,1.204461729908843
71,181,0.04910210002853413,98.88888888888889,9790,9900,0.9473448415451393
global,181,0.007918363621439597,99.85858585858585,9886,9900
13,182,0.019649092758996317,99.46464646464646,9847,9900,0.8953851347481111
36,182,0.034790912624260394,99.12121212121212,9813,9900,0.9991415034209806
58,182,0.05356370069387585,98.71717171717171,9773,9900,1.1229848297229046
71,182,0.019410660399330988,99.56565656565657,9857,9900,0.9611537969043031
global,182,0.008307264434418293,99.81818181818181,9882,9900
13,183,0.034372138543562455,99.13131313131314,9814,9900,0.8392537018140617
36,183,0.023371080622227505,99.43434343434343,9844,9900,1.008946335415523
58,183,0.009076660944130083,99.77777777777777,9878,9900,1.0889960379550343
71,183,0.026503245401563066,99.36363636363636,9837,9900,0.915299711284594
global,183,0.008177771434338406,99.83838383838383,9884,9900
13,184,0.046030282980263834,98.93939393939394,9795,9900,0.8515122425052692
36,184,0.0357577131492923,99.18181818181819,9819,9900,0.9701703641666252
58,184,0.03487269392745061,99.15151515151514,9816,9900,1.083930101840222
71,184,0.04306687103076415,99.03030303030303,9804,9900,0.9607789753979856
global,184,0.008283042707527527,99.82828282828284,9883,9900
13,185,0.02829955466166891,99.27272727272727,9828,9900,0.8336460401013711
36,185,0.030882523336795847,99.26262626262627,9827,9900,1.0196454798989425
58,185,0.03270869511697028,99.13131313131314,9814,9900,1.1289009173310198
71,185,0.02478968063388208,99.38383838383838,9839,9900,1.0469116090664872
global,185,0.007868628983545786,99.83838383838383,9884,9900
13,186,0.017977515660753153,99.55555555555556,9856,9900,0.9026726457725555
36,186,0.015082912727287321,99.61616161616162,9862,9900,0.9272422690008828
58,186,0.07899277996836286,98.0909090909091,9711,9900,1.0655954373641465
71,186,0.03393242544899083,99.24242424242425,9825,9900,0.9098929814405171
global,186,0.007803896778460705,99.83838383838383,9884,9900
13,187,0.015623255871763133,99.60606060606061,9861,9900,0.8761764519444794
36,187,0.04241317688214658,98.96969696969697,9798,9900,0.9623176463891913
58,187,0.03775961004423373,99.16161616161617,9817,9900,1.1538398470461708
71,187,0.03765500173725263,99.13131313131314,9814,9900,0.9487518920678533
global,187,0.008024014866713322,99.83838383838383,9884,9900
13,188,0.02921490948910665,99.31313131313131,9832,9900,0.8167644609234249
36,188,0.03679634020786093,99.06060606060606,9807,9900,1.1120124412876649
58,188,0.028861430509373395,99.32323232323232,9833,9900,1.123359225415255
71,188,0.019596446460169375,99.53535353535354,9854,9900,0.9489981626547099
global,188,0.008393236037456628,99.82828282828284,9883,9900
13,189,0.02398778192774214,99.37373737373737,9838,9900,0.8279127532746187
36,189,0.02608784018592401,99.34343434343434,9835,9900,0.9726308796342981
58,189,0.028276843479034877,99.31313131313131,9832,9900,1.1254296012360154
71,189,0.0393038543065389,99.03030303030303,9804,9900,0.9508656786354818
global,189,0.008256529607255049,99.82828282828284,9883,9900
13,190,0.01055884647738151,99.70707070707071,9871,9900,0.7944941389180964
36,190,0.01440199732705198,99.61616161616162,9862,9900,0.9863350140925873
58,190,0.013232448671878588,99.62626262626263,9863,9900,1.115680238013407
71,190,0.026930125146502195,99.41414141414141,9842,9900,0.9740324587162288
global,190,0.008071293537363862,99.82828282828284,9883,9900
13,191,0.013086162034535047,99.63636363636364,9864,9900,0.867606603025369
36,191,0.034832451447392956,99.12121212121212,9813,9900,1.0005053197136888
58,191,0.036911608445825,99.05050505050505,9806,9900,1.100921227765026
71,191,0.038754053635127614,99.1010101010101,9811,9900,0.8640525444795485
global,191,0.007704023699266742,99.84848484848486,9885,9900
13,192,0.019226917870568506,99.53535353535354,9854,9900,0.8646867452769127
36,192,0.00734992717910144,99.76767676767678,9877,9900,0.9360072331250939
58,192,0.041495131803582413,99.06060606060606,9807,9900,1.1548119443080824
71,192,0.02037648143340843,99.55555555555556,9856,9900,0.932631886950584
global,192,0.007924053751760059,99.83838383838383,9884,9900
13,193,0.03077582084094033,99.26262626262627,9827,9900,0.8862559249206403
36,193,0.02597996269813692,99.42424242424242,9843,9900,1.0083507904138918
58,193,0.018141189152092646,99.58585858585859,9859,9900,1.0937796997397626
71,193,0.024661715324177887,99.4040404040404,9841,9900,0.9628098397866667
global,193,0.007398448228233993,99.85858585858585,9886,9900
13,194,0.030472957106551738,99.28282828282829,9829,9900,0.7901783597574882
36,194,0.021226827597828825,99.52525252525253,9853,9900,0.9683605764980949
58,194,0.10347766453569586,97.51515151515152,9654,9900,1.13159898675406
71,194,0.007255589222403789,99.82828282828284,9883,9900,0.9527527441777528
global,194,0.007026689811186357,99.85858585858585,9886,9900
13,195,0.01637503989868694,99.62626262626263,9863,9900,0.7768406605822709
36,195,0.0029285727651093643,99.90909090909092,9891,9900,0.9807989164897167
58,195,0.01716410349377177,99.53535353535354,9854,9900,1.1041163067159654
71,195,0.05582170966899756,98.63636363636363,9765,9900,0.944937166466368
global,195,0.0058045657122074955,99.8888888888889,9889,9900
13,196,0.027283331888793696,99.34343434343434,9835,9900,0.8029409546503502
36,196,0.0117543174715882,99.68686868686869,9869,9900,0.9244620021605651
58,196,0.0768570024226651,98.07070707070707,9709,9900,1.109761345441194
71,196,0.019760616393101334,99.5050505050505,9851,9900,0.8949936916619156
global,196,0.005380219659871525,99.8989898989899,9890,9900
13,197,0.016692260562846756,99.61616161616162,9862,9900,0.81883495414222
36,197,0.015690784105146773,99.61616161616162,9862,9900,0.9768628078292926
58,197,0.04878998330747238,98.75757575757575,9777,9900,1.0585244919759367
71,197,0.029560997977551788,99.28282828282829,9829,9900,0.9202175110789734
global,197,0.0060176975889639425,99.8888888888889,9889,9900
13,198,0.02441773642268446,99.4040404040404,9841,9900,0.8241018420286438
36,198,0.009934717824663779,99.73737373737373,9874,9900,1.0555497212555474
58,198,0.0406225161675853,99.0909090909091,9810,9900,1.1233108873605653
71,198,0.020508098742275528,99.48484848484848,9849,9900,0.8891849922846781
global,198,0.006024968804735126,99.8888888888889,9889,9900
13,199,0.029717992905414464,99.26262626262627,9827,9900,0.7952953089446793
36,199,0.025996819679634738,99.33333333333333,9834,9900,0.961807198567064
58,199,0.02611766654584143,99.36363636363636,9837,9900,1.06269116645373
71,199,0.044806499968875535,98.83838383838383,9785,9900,0.874771088220861
global,199,0.0065628807931536375,99.8888888888889,9889,9900
13,200,0.016435792753190705,99.57575757575758,9858,9900,0.8157013035302586
36,200,0.07005922331954494,98.3030303030303,9732,9900,0.9435773325220042
58,200,0.09363827059666316,97.84848484848484,9687,9900,1.0586562472542558
71,200,0.025290748538693997,99.37373737373737,9838,9900,0.9261667921553476
global,200,0.007656255934876625,99.85858585858585,9886,9900
